QUESTION,LANGUE,FAMILLE,CLASSIFICATION,CHIFFRE_TOTAL
Langue maternelle,Anglais,indo-européenne,officielle,20107200
Langue maternelle,Français,indo-européenne,officielle,7189245
Langue maternelle,Pied-noir,algonquienne,autochtone,2520
Langue maternelle,Atikamekw,algonquienne,autochtone,5500
Langue maternelle,Ililimowin (cri de Moose),algonquienne,autochtone,155
Langue maternelle,Inu Ayimun (cri du Sud-Est),algonquienne,autochtone,580
Langue maternelle,Iyiyiw-Ayimiwin (cri du Nord-Est),algonquienne,autochtone,3460
Langue maternelle,Nehinawewin (cri des marais),algonquienne,autochtone,2475
Langue maternelle,Nehiyawewin (cri des plaines),algonquienne,autochtone,5025
Langue maternelle,Nihithawiwin (cri des bois),algonquienne,autochtone,2850
Langue maternelle,"Cri, n.d.a.",algonquienne,autochtone,38535
Langue maternelle,Innu (montagnais),algonquienne,autochtone,8465
Langue maternelle,Naskapi,algonquienne,autochtone,625
Langue maternelle,Mi'kmaq,algonquienne,autochtone,4910
Langue maternelle,Wolastoqewi (malécite),algonquienne,autochtone,245
Langue maternelle,Anicinabemowin (algonquin),algonquienne,autochtone,865
Langue maternelle,Oji-cri,algonquienne,autochtone,9310
Langue maternelle,Anishinaabemowin (chippewa),algonquienne,autochtone,470
Langue maternelle,Daawaamwin (odawa),algonquienne,autochtone,65
Langue maternelle,Saulteaux (ojibwé occidental),algonquienne,autochtone,1880
Langue maternelle,"Ojibwé, n.d.a.",algonquienne,autochtone,9185
Langue maternelle,"Langues algonquiennes, n.i.a.",algonquienne,autochtone,10
Langue maternelle,Dakelh (porteur),athabascane,autochtone,625
Langue maternelle,Dane-zaa (castor),athabascane,autochtone,120
Langue maternelle,"Déné, n.d.a.",athabascane,autochtone,8060
Langue maternelle,Gwich'in,athabascane,autochtone,175
Langue maternelle,Deh Gah Ghotie Zhatie (esclave du Sud),athabascane,autochtone,400
Langue maternelle,Satuotine Yati (esclave du Nord),athabascane,autochtone,270
Langue maternelle,"Esclave, n.d.a.",athabascane,autochtone,840
Langue maternelle,Kaska (nahani),athabascane,autochtone,65
Langue maternelle,Tahltan,athabascane,autochtone,80
Langue maternelle,Tlicho (flanc-de-chien),athabascane,autochtone,1390
Langue maternelle,Tse'khene (sekani),athabascane,autochtone,35
Langue maternelle,Tsilhqot'in (chilcotin),athabascane,autochtone,465
Langue maternelle,Tsuu T'ina (sarsi),athabascane,autochtone,25
Langue maternelle,Tutchone du Nord,athabascane,autochtone,70
Langue maternelle,Tutchone du Sud,athabascane,autochtone,25
Langue maternelle,"Tutchone, n.d.a.",athabascane,autochtone,25
Langue maternelle,Wetsuwet'en-babine,athabascane,autochtone,120
Langue maternelle,Tlingit,athabascane,autochtone,50
Langue maternelle,"Langues athabascanes, n.i.a.",athabascane,autochtone,45
Langue maternelle,Haïda,haïda,autochtone,45
Langue maternelle,Inuinnaqtun,inuite,autochtone,335
Langue maternelle,Inuvialuktun,inuite,autochtone,225
Langue maternelle,Inuktitut,inuite,autochtone,33200
Langue maternelle,"Langues inuktutes (inuites), n.i.a.",inuite,autochtone,30
Langue maternelle,Cayuga,iroquoienne,autochtone,35
Langue maternelle,Mohawk,iroquoienne,autochtone,275
Langue maternelle,Oneida,iroquoienne,autochtone,45
Langue maternelle,"Langues iroquoiennes, n.i.a.",iroquoienne,autochtone,10
Langue maternelle,Ktunaxa (kutenai),ktunaxa,autochtone,30
Langue maternelle,Michif,michif,autochtone,485
Langue maternelle,Halkomelem,salishenne,autochtone,185
Langue maternelle,Lillooet,salishenne,autochtone,100
Langue maternelle,Ntlakapamux (thompson),salishenne,autochtone,180
Langue maternelle,Secwepemctsin (shuswap),salishenne,autochtone,265
Langue maternelle,Squamish,salishenne,autochtone,25
Langue maternelle,Straits,salishenne,autochtone,95
Langue maternelle,Syilx (okanagan),salishenne,autochtone,185
Langue maternelle,"Langues salishennes, n.i.a.",salishenne,autochtone,55
Langue maternelle,Assiniboine,siouenne,autochtone,70
Langue maternelle,Dakota,siouenne,autochtone,560
Langue maternelle,Stoney,siouenne,autochtone,365
Langue maternelle,"Langues siouennes, n.i.a.",siouenne,autochtone,45
Langue maternelle,Gitxsan (gitksan),tsimshenne,autochtone,590
Langue maternelle,Nisga'a,tsimshenne,autochtone,325
Langue maternelle,Tsimshian,tsimshenne,autochtone,120
Langue maternelle,Haisla,wakashane,autochtone,85
Langue maternelle,Heiltsuk,wakashane,autochtone,300
Langue maternelle,Kwak'wala (kwakiutl),wakashane,autochtone,150
Langue maternelle,Nuu-chah-nulth (nootka),wakashane,autochtone,220
Langue maternelle,"Langues wakashanes, n.i.a.",wakashane,autochtone,20
Langue maternelle,"Langues autochtones, n.i.a.",n.i.a,autochtone,60
Langue maternelle,"Langues autochtones, n.d.a.",n.d.a.,autochtone,180
Langue maternelle,Kabyle,afro-asiatique,non officielle,24760
Langue maternelle,Tamazight,afro-asiatique,non officielle,2340
Langue maternelle,"Langues berbères, n.i.a.",afro-asiatique,non officielle,395
Langue maternelle,Haoussa,afro-asiatique,non officielle,1315
Langue maternelle,Mina,afro-asiatique,non officielle,675
Langue maternelle,Copte,afro-asiatique,non officielle,1015
Langue maternelle,Bilen,afro-asiatique,non officielle,2020
Langue maternelle,Oromo,afro-asiatique,non officielle,5905
Langue maternelle,Somali,afro-asiatique,non officielle,40730
Langue maternelle,"Langues couchitiques, n.i.a.",afro-asiatique,non officielle,755
Langue maternelle,Amharique,afro-asiatique,non officielle,25685
Langue maternelle,Arabe,afro-asiatique,non officielle,508410
Langue maternelle,Assyrien néo-araméen,afro-asiatique,non officielle,17220
Langue maternelle,Chaldéen néo-araméen,afro-asiatique,non officielle,8860
Langue maternelle,"Araméen, n.d.a.",afro-asiatique,non officielle,1600
Langue maternelle,Harari,afro-asiatique,non officielle,1220
Langue maternelle,Hébreu,afro-asiatique,non officielle,19495
Langue maternelle,Maltais,afro-asiatique,non officielle,4425
Langue maternelle,Tigrigna,afro-asiatique,non officielle,31075
Langue maternelle,"Langues sémitiques, n.i.a.",afro-asiatique,non officielle,450
Langue maternelle,Khmer (cambodgien),austro-asiatique,non officielle,19525
Langue maternelle,Vietnamien,austro-asiatique,non officielle,173000
Langue maternelle,"Langues austro-asiatiques, n.i.a.",austro-asiatique,non officielle,460
Langue maternelle,Bicol,austronésienne,non officielle,2115
Langue maternelle,"Bisaya, n.d.a.",austronésienne,non officielle,8215
Langue maternelle,Cebuano,austronésienne,non officielle,18945
Langue maternelle,Fidjien,austronésienne,non officielle,605
Langue maternelle,Hiligaïnon,austronésienne,non officielle,9690
Langue maternelle,Ilocano,austronésienne,non officielle,33520
Langue maternelle,Indonésien,austronésienne,non officielle,11910
Langue maternelle,Kankanaey,austronésienne,non officielle,1100
Langue maternelle,Kinaray-a,austronésienne,non officielle,670
Langue maternelle,Merina,austronésienne,non officielle,1245
Langue maternelle,"Malgache, n.d.a.",austronésienne,non officielle,835
Langue maternelle,Malais,austronésienne,non officielle,1330
Langue maternelle,"Pampangan (kapampangan, pampango)",austronésienne,non officielle,5615
Langue maternelle,Pangasinan,austronésienne,non officielle,2050
Langue maternelle,"Tagalog (pilipino, filipino)",austronésienne,non officielle,461150
Langue maternelle,Waray-waray,austronésienne,non officielle,1625
Langue maternelle,"Langues austronésiennes, n.i.a.",austronésienne,non officielle,4740
Langue maternelle,Créole haïtien,créole,non officielle,52435
Langue maternelle,Créole jamaïcain anglais,créole,non officielle,600
Langue maternelle,Krio,créole,non officielle,795
Langue maternelle,Mauricien,créole,non officielle,6125
Langue maternelle,Sango,créole,non officielle,580
Langue maternelle,"Créole, n.d.a.",créole,non officielle,15550
Langue maternelle,"Langues créoles, n.i.a.",créole,non officielle,2135
Langue maternelle,Kannada,dravidienne,non officielle,6240
Langue maternelle,Malayalam,dravidienne,non officielle,54050
Langue maternelle,Tamoul,dravidienne,non officielle,152850
Langue maternelle,Telougou,dravidienne,non officielle,30045
Langue maternelle,Tulu,dravidienne,non officielle,615
Langue maternelle,"Langues dravidiennes, n.i.a.",dravidienne,non officielle,370
Langue maternelle,Géorgien,géorgien,non officielle,2180
Langue maternelle,Langues hmong-mien,hmong-mien,non officielle,565
Langue maternelle,Albanais,indo-européenne,non officielle,29265
Langue maternelle,Arménien,indo-européenne,non officielle,33720
Langue maternelle,Letton,indo-européenne,non officielle,4430
Langue maternelle,Lituanien,indo-européenne,non officielle,6130
Langue maternelle,Biélorusse,indo-européenne,non officielle,720
Langue maternelle,Bulgare,indo-européenne,non officielle,19035
Langue maternelle,Tchèque,indo-européenne,non officielle,20025
Langue maternelle,Macédonien,indo-européenne,non officielle,14795
Langue maternelle,Polonais,indo-européenne,non officielle,160170
Langue maternelle,Russe,indo-européenne,non officielle,197905
Langue maternelle,Russine,indo-européenne,non officielle,500
Langue maternelle,Bosniaque,indo-européenne,non officielle,13820
Langue maternelle,Croate,indo-européenne,non officielle,43500
Langue maternelle,Serbe,indo-européenne,non officielle,57425
Langue maternelle,"Serbo-croate, n.i.a.",indo-européenne,non officielle,1995
Langue maternelle,Slovaque,indo-européenne,non officielle,15255
Langue maternelle,Slovène,indo-européenne,non officielle,7965
Langue maternelle,Ukrainien,indo-européenne,non officielle,84705
Langue maternelle,"Langues slaves, n.i.a.",indo-européenne,non officielle,440
Langue maternelle,Irlandais,indo-européenne,non officielle,665
Langue maternelle,Gaélique écossais,indo-européenne,non officielle,425
Langue maternelle,Gallois,indo-européenne,non officielle,825
Langue maternelle,"Langues celtiques, n.i.a.",indo-européenne,non officielle,230
Langue maternelle,Frison,indo-européenne,non officielle,1570
Langue maternelle,Allemand,indo-européenne,non officielle,272865
Langue maternelle,Allemand pennsylvanien,indo-européenne,non officielle,9065
Langue maternelle,Allemand suisse,indo-européenne,non officielle,7575
Langue maternelle,Yiddish,indo-européenne,non officielle,12060
Langue maternelle,Afrikaans,indo-européenne,non officielle,12270
Langue maternelle,Néerlandais,indo-européenne,non officielle,80315
Langue maternelle,"Bas-allemand, n.d.a.",indo-européenne,non officielle,8670
Langue maternelle,Bas-saxon,indo-européenne,non officielle,1270
Langue maternelle,Bas-allemand mennonite,indo-européenne,non officielle,33200
Langue maternelle,Vlaams (flamand),indo-européenne,non officielle,2935
Langue maternelle,Danois,indo-européenne,non officielle,9945
Langue maternelle,Islandais,indo-européenne,non officielle,905
Langue maternelle,Norvégien,indo-européenne,non officielle,3535
Langue maternelle,Suédois,indo-européenne,non officielle,5890
Langue maternelle,"Langues germaniques, n.i.a.",indo-européenne,non officielle,1330
Langue maternelle,Grec,indo-européenne,non officielle,93335
Langue maternelle,Assamais,indo-européenne,non officielle,545
Langue maternelle,Bengali,indo-européenne,non officielle,87580
Langue maternelle,Gujarati,indo-européenne,non officielle,138985
Langue maternelle,Hindi,indo-européenne,non officielle,152825
Langue maternelle,Kacchi,indo-européenne,non officielle,6930
Langue maternelle,Cachemiri,indo-européenne,non officielle,745
Langue maternelle,Konkani,indo-européenne,non officielle,3425
Langue maternelle,Marathi,indo-européenne,non officielle,14145
Langue maternelle,Népalais,indo-européenne,non officielle,23425
Langue maternelle,Odia,indo-européenne,non officielle,1125
Langue maternelle,"Oriya, n.d.a.",indo-européenne,non officielle,645
Langue maternelle,Pendjabi (panjabi),indo-européenne,non officielle,666585
Langue maternelle,Rohingya,indo-européenne,non officielle,545
Langue maternelle,Sindhi,indo-européenne,non officielle,3985
Langue maternelle,Singhalais,indo-européenne,non officielle,18000
Langue maternelle,Ourdou,indo-européenne,non officielle,235290
Langue maternelle,"Langues indo-aryennes, n.i.a.",indo-européenne,non officielle,3865
Langue maternelle,Baloutche,indo-européenne,non officielle,555
Langue maternelle,Kurde,indo-européenne,non officielle,16485
Langue maternelle,Parsi,indo-européenne,non officielle,555
Langue maternelle,Pachto,indo-européenne,non officielle,19520
Langue maternelle,Dari,indo-européenne,non officielle,57220
Langue maternelle,Persan iranien,indo-européenne,non officielle,179425
Langue maternelle,"Persan (farsi), n.d.a.",indo-européenne,non officielle,25975
Langue maternelle,"Langues iraniennes, n.i.a.",indo-européenne,non officielle,815
Langue maternelle,"Langues indo-iraniennes, n.i.a.",indo-européenne,non officielle,305
Langue maternelle,Catalan,indo-européenne,non officielle,905
Langue maternelle,Italien,indo-européenne,non officielle,319505
Langue maternelle,Portugais,indo-européenne,non officielle,240680
Langue maternelle,Roumain,indo-européenne,non officielle,93160
Langue maternelle,Espagnol,indo-européenne,non officielle,538870
Langue maternelle,"Langues italiques (romanes), n.i.a.",indo-européenne,non officielle,1165
Langue maternelle,"Langues indo-européennes, n.i.a.",indo-européenne,non officielle,385
Langue maternelle,Japonais,japonais,non officielle,43850
Langue maternelle,Coréen,coréen,non officielle,170400
Langue maternelle,Mongol,mongol,non officielle,1850
Langue maternelle,Akan (twi),nigéro-congolaise,non officielle,13120
Langue maternelle,Bamanankan,nigéro-congolaise,non officielle,1855
Langue maternelle,Edo,nigéro-congolaise,non officielle,1685
Langue maternelle,Ewé,nigéro-congolaise,non officielle,1955
Langue maternelle,"Fulah (peul, pular, pulaar, fulfulde)",nigéro-congolaise,non officielle,3520
Langue maternelle,Ga,nigéro-congolaise,non officielle,815
Langue maternelle,Ganda,nigéro-congolaise,non officielle,1890
Langue maternelle,Gikuyu,nigéro-congolaise,non officielle,760
Langue maternelle,Igbo,nigéro-congolaise,non officielle,5175
Langue maternelle,Kinyarwanda (rwanda),nigéro-congolaise,non officielle,7380
Langue maternelle,Lingala,nigéro-congolaise,non officielle,4260
Langue maternelle,Luba-kasaï,nigéro-congolaise,non officielle,520
Langue maternelle,Mòoré,nigéro-congolaise,non officielle,515
Langue maternelle,Mwani,nigéro-congolaise,non officielle,695
Langue maternelle,Ndébélé,nigéro-congolaise,non officielle,920
Langue maternelle,Rundi (kiroundi),nigéro-congolaise,non officielle,8660
Langue maternelle,Shona,nigéro-congolaise,non officielle,3605
Langue maternelle,Soninké,nigéro-congolaise,non officielle,505
Langue maternelle,Langues sotho-tswana,nigéro-congolaise,non officielle,520
Langue maternelle,Swahili,nigéro-congolaise,non officielle,16000
Langue maternelle,Wojenaka,nigéro-congolaise,non officielle,1030
Langue maternelle,Wolof,nigéro-congolaise,non officielle,4890
Langue maternelle,Yoruba,nigéro-congolaise,non officielle,15015
Langue maternelle,"Langues nigéro-congolaises, n.i.a.",nigéro-congolaise,non officielle,13000
Langue maternelle,Dinka,nilo-saharienne,non officielle,1865
Langue maternelle,Nuer,nilo-saharienne,non officielle,1090
Langue maternelle,"Langues nilo-sahariennes, n.i.a.",nilo-saharienne,non officielle,3395
Langue maternelle,"Africain, n.d.a.",nilo-saharienne,non officielle,575
Langue maternelle,Langue des signes américaine,langue des signes,non officielle,4965
Langue maternelle,Langue des signes québécoise,langue des signes,non officielle,990
Langue maternelle,"Langues des signes, n.i.a",langue des signes,non officielle,1005
Langue maternelle,Hakka,sino-tibétaine,non officielle,9765
Langue maternelle,Mandarin,sino-tibétaine,non officielle,679255
Langue maternelle,Min dong,sino-tibétaine,non officielle,1310
Langue maternelle,"Min nan (chaochow, teochow, fou-kien, taïwanais)",sino-tibétaine,non officielle,27805
Langue maternelle,Wu (shanghaïen),sino-tibétaine,non officielle,8880
Langue maternelle,Yue (cantonais),sino-tibétaine,non officielle,553380
Langue maternelle,"Chinois, n.d.a.",sino-tibétaine,non officielle,11610
Langue maternelle,"Langues chinoises, n.i.a.",sino-tibétaine,non officielle,630
Langue maternelle,Birman,sino-tibétaine,non officielle,3305
Langue maternelle,Karen s’gaw,sino-tibétaine,non officielle,3900
Langue maternelle,"Langues karéniques, n.i.a.",sino-tibétaine,non officielle,615
Langue maternelle,Tibétain,sino-tibétaine,non officielle,7025
Langue maternelle,"Langues tibéto-birmanes, n.i.a.",sino-tibétaine,non officielle,890
Langue maternelle,"Langues sino-tibétaines, n.i.a.",sino-tibétaine,non officielle,585
Langue maternelle,Lao,taï-kadaï,non officielle,11485
Langue maternelle,Thaï,taï-kadaï,non officielle,10455
Langue maternelle,"Langues taï-kadaï, n.i.a.",taï-kadaï,non officielle,410
Langue maternelle,Azerbaïdjanais,turque,non officielle,4490
Langue maternelle,Kazakh,turque,non officielle,540
Langue maternelle,Turc,turque,non officielle,44190
Langue maternelle,Ouïghour,turque,non officielle,1355
Langue maternelle,Ouzbek,turque,non officielle,1805
Langue maternelle,"Langues turques, n.i.a.",turque,non officielle,1150
Langue maternelle,Estonien,ouralienne,non officielle,4485
Langue maternelle,Finnois,ouralienne,non officielle,12200
Langue maternelle,Hongrois,ouralienne,non officielle,51500
Langue maternelle,"Autres langues, n.i.a.",autres,non officielle,1060
Langue maternelle,Français et anglais,indo-européenne,responses multiples,291325
Langue maternelle,Anglais et langue(s) non officielle(s),multiples,responses multiples,921480
Langue maternelle,Français et langue(s) non officielle(s),multiples,responses multiples,117910
Langue maternelle,"Français, anglais et langue(s) non officielle(s)",multiples,responses multiples,52880
Langue maternelle,Langues non officielles multiples,multiples,responses multiples,92095
Langue parlée le plus souvent à la maison,Anglais,indo-européenne,officielle,23376200
Langue parlée le plus souvent à la maison,Français,indo-européenne,officielle,7044855
Langue parlée le plus souvent à la maison,Pied-noir,algonquienne,autochtone,980
Langue parlée le plus souvent à la maison,Atikamekw,algonquienne,autochtone,4345
Langue parlée le plus souvent à la maison,Ililimowin (cri de Moose),algonquienne,autochtone,50
Langue parlée le plus souvent à la maison,Inu Ayimun (cri du Sud-Est),algonquienne,autochtone,560
Langue parlée le plus souvent à la maison,Iyiyiw-Ayimiwin (cri du Nord-Est),algonquienne,autochtone,2545
Langue parlée le plus souvent à la maison,Nehinawewin (cri des marais),algonquienne,autochtone,665
Langue parlée le plus souvent à la maison,Nehiyawewin (cri des plaines),algonquienne,autochtone,1455
Langue parlée le plus souvent à la maison,Nihithawiwin (cri des bois),algonquienne,autochtone,830
Langue parlée le plus souvent à la maison,"Cri, n.d.a.",algonquienne,autochtone,20585
Langue parlée le plus souvent à la maison,Innu (montagnais),algonquienne,autochtone,6710
Langue parlée le plus souvent à la maison,Naskapi,algonquienne,autochtone,505
Langue parlée le plus souvent à la maison,Mi'kmaq,algonquienne,autochtone,2595
Langue parlée le plus souvent à la maison,Wolastoqewi (malécite),algonquienne,autochtone,55
Langue parlée le plus souvent à la maison,Anicinabemowin (algonquin),algonquienne,autochtone,230
Langue parlée le plus souvent à la maison,Oji-cri,algonquienne,autochtone,4540
Langue parlée le plus souvent à la maison,Anishinaabemowin (chippewa),algonquienne,autochtone,145
Langue parlée le plus souvent à la maison,Daawaamwin (odawa),algonquienne,autochtone,25
Langue parlée le plus souvent à la maison,Saulteaux (ojibwé occidental),algonquienne,autochtone,390
Langue parlée le plus souvent à la maison,"Ojibwé, n.d.a.",algonquienne,autochtone,2925
Langue parlée le plus souvent à la maison,"Langues algonquiennes, n.i.a.",algonquienne,autochtone,0
Langue parlée le plus souvent à la maison,Dakelh (porteur),athabascane,autochtone,220
Langue parlée le plus souvent à la maison,Dane-zaa (castor),athabascane,autochtone,30
Langue parlée le plus souvent à la maison,"Déné, n.d.a.",athabascane,autochtone,5255
Langue parlée le plus souvent à la maison,Gwich'in,athabascane,autochtone,35
Langue parlée le plus souvent à la maison,Deh Gah Ghotie Zhatie (esclave du Sud),athabascane,autochtone,200
Langue parlée le plus souvent à la maison,Satuotine Yati (esclave du Nord),athabascane,autochtone,115
Langue parlée le plus souvent à la maison,"Esclave, n.d.a.",athabascane,autochtone,395
Langue parlée le plus souvent à la maison,Kaska (nahani),athabascane,autochtone,5
Langue parlée le plus souvent à la maison,Tahltan,athabascane,autochtone,5
Langue parlée le plus souvent à la maison,Tlicho (flanc-de-chien),athabascane,autochtone,755
Langue parlée le plus souvent à la maison,Tse'khene (sekani),athabascane,autochtone,0
Langue parlée le plus souvent à la maison,Tsilhqot'in (chilcotin),athabascane,autochtone,165
Langue parlée le plus souvent à la maison,Tsuu T'ina (sarsi),athabascane,autochtone,0
Langue parlée le plus souvent à la maison,Tutchone du Nord,athabascane,autochtone,5
Langue parlée le plus souvent à la maison,Tutchone du Sud,athabascane,autochtone,0
Langue parlée le plus souvent à la maison,"Tutchone, n.d.a.",athabascane,autochtone,0
Langue parlée le plus souvent à la maison,Wetsuwet'en-babine,athabascane,autochtone,40
Langue parlée le plus souvent à la maison,Tlingit,athabascane,autochtone,10
Langue parlée le plus souvent à la maison,"Langues athabascanes, n.i.a.",athabascane,autochtone,15
Langue parlée le plus souvent à la maison,Haïda,haïda,autochtone,10
Langue parlée le plus souvent à la maison,Inuinnaqtun,inuite,autochtone,95
Langue parlée le plus souvent à la maison,Inuvialuktun,inuite,autochtone,50
Langue parlée le plus souvent à la maison,Inuktitut,inuite,autochtone,27140
Langue parlée le plus souvent à la maison,"Langues inuktutes (inuites), n.i.a.",inuite,autochtone,10
Langue parlée le plus souvent à la maison,Cayuga,iroquoienne,autochtone,15
Langue parlée le plus souvent à la maison,Mohawk,iroquoienne,autochtone,65
Langue parlée le plus souvent à la maison,Oneida,iroquoienne,autochtone,15
Langue parlée le plus souvent à la maison,"Langues iroquoiennes, n.i.a.",iroquoienne,autochtone,5
Langue parlée le plus souvent à la maison,Ktunaxa (kutenai),ktunaxa,autochtone,5
Langue parlée le plus souvent à la maison,Michif,michif,autochtone,150
Langue parlée le plus souvent à la maison,Halkomelem,salishenne,autochtone,50
Langue parlée le plus souvent à la maison,Lillooet,salishenne,autochtone,35
Langue parlée le plus souvent à la maison,Ntlakapamux (thompson),salishenne,autochtone,35
Langue parlée le plus souvent à la maison,Secwepemctsin (shuswap),salishenne,autochtone,85
Langue parlée le plus souvent à la maison,Squamish,salishenne,autochtone,5
Langue parlée le plus souvent à la maison,Straits,salishenne,autochtone,30
Langue parlée le plus souvent à la maison,Syilx (okanagan),salishenne,autochtone,15
Langue parlée le plus souvent à la maison,"Langues salishennes, n.i.a.",salishenne,autochtone,5
Langue parlée le plus souvent à la maison,Assiniboine,siouenne,autochtone,10
Langue parlée le plus souvent à la maison,Dakota,siouenne,autochtone,120
Langue parlée le plus souvent à la maison,Stoney,siouenne,autochtone,90
Langue parlée le plus souvent à la maison,"Langues siouennes, n.i.a.",siouenne,autochtone,15
Langue parlée le plus souvent à la maison,Gitxsan (gitksan),tsimshenne,autochtone,120
Langue parlée le plus souvent à la maison,Nisga'a,tsimshenne,autochtone,85
Langue parlée le plus souvent à la maison,Tsimshian,tsimshenne,autochtone,10
Langue parlée le plus souvent à la maison,Haisla,wakashane,autochtone,10
Langue parlée le plus souvent à la maison,Heiltsuk,wakashane,autochtone,5
Langue parlée le plus souvent à la maison,Kwak'wala (kwakiutl),wakashane,autochtone,20
Langue parlée le plus souvent à la maison,Nuu-chah-nulth (nootka),wakashane,autochtone,25
Langue parlée le plus souvent à la maison,"Langues wakashanes, n.i.a.",wakashane,autochtone,5
Langue parlée le plus souvent à la maison,"Langues autochtones, n.i.a.",n.i.a,autochtone,15
Langue parlée le plus souvent à la maison,"Langues autochtones, n.d.a.",n.d.a.,autochtone,85
Langue parlée le plus souvent à la maison,Kabyle,afro-asiatique,non officielle,10180
Langue parlée le plus souvent à la maison,Tamazight,afro-asiatique,non officielle,840
Langue parlée le plus souvent à la maison,"Langues berbères, n.i.a.",afro-asiatique,non officielle,280
Langue parlée le plus souvent à la maison,Haoussa,afro-asiatique,non officielle,635
Langue parlée le plus souvent à la maison,Mina,afro-asiatique,non officielle,200
Langue parlée le plus souvent à la maison,Copte,afro-asiatique,non officielle,545
Langue parlée le plus souvent à la maison,Bilen,afro-asiatique,non officielle,1645
Langue parlée le plus souvent à la maison,Oromo,afro-asiatique,non officielle,3890
Langue parlée le plus souvent à la maison,Somali,afro-asiatique,non officielle,24410
Langue parlée le plus souvent à la maison,"Langues couchitiques, n.i.a.",afro-asiatique,non officielle,425
Langue parlée le plus souvent à la maison,Amharique,afro-asiatique,non officielle,14030
Langue parlée le plus souvent à la maison,Arabe,afro-asiatique,non officielle,285915
Langue parlée le plus souvent à la maison,Assyrien néo-araméen,afro-asiatique,non officielle,12935
Langue parlée le plus souvent à la maison,Chaldéen néo-araméen,afro-asiatique,non officielle,6585
Langue parlée le plus souvent à la maison,"Araméen, n.d.a.",afro-asiatique,non officielle,1220
Langue parlée le plus souvent à la maison,Harari,afro-asiatique,non officielle,680
Langue parlée le plus souvent à la maison,Hébreu,afro-asiatique,non officielle,8515
Langue parlée le plus souvent à la maison,Maltais,afro-asiatique,non officielle,795
Langue parlée le plus souvent à la maison,Tigrigna,afro-asiatique,non officielle,21860
Langue parlée le plus souvent à la maison,"Langues sémitiques, n.i.a.",afro-asiatique,non officielle,250
Langue parlée le plus souvent à la maison,Khmer (cambodgien),austro-asiatique,non officielle,10650
Langue parlée le plus souvent à la maison,Vietnamien,austro-asiatique,non officielle,116785
Langue parlée le plus souvent à la maison,"Langues austro-asiatiques, n.i.a.",austro-asiatique,non officielle,300
Langue parlée le plus souvent à la maison,Bicol,austronésienne,non officielle,760
Langue parlée le plus souvent à la maison,"Bisaya, n.d.a.",austronésienne,non officielle,4125
Langue parlée le plus souvent à la maison,Cebuano,austronésienne,non officielle,10195
Langue parlée le plus souvent à la maison,Fidjien,austronésienne,non officielle,200
Langue parlée le plus souvent à la maison,Hiligaïnon,austronésienne,non officielle,5015
Langue parlée le plus souvent à la maison,Ilocano,austronésienne,non officielle,18350
Langue parlée le plus souvent à la maison,Indonésien,austronésienne,non officielle,4150
Langue parlée le plus souvent à la maison,Kankanaey,austronésienne,non officielle,585
Langue parlée le plus souvent à la maison,Kinaray-a,austronésienne,non officielle,320
Langue parlée le plus souvent à la maison,Merina,austronésienne,non officielle,330
Langue parlée le plus souvent à la maison,"Malgache, n.d.a.",austronésienne,non officielle,390
Langue parlée le plus souvent à la maison,Malais,austronésienne,non officielle,280
Langue parlée le plus souvent à la maison,"Pampangan (kapampangan, pampango)",austronésienne,non officielle,3030
Langue parlée le plus souvent à la maison,Pangasinan,austronésienne,non officielle,680
Langue parlée le plus souvent à la maison,"Tagalog (pilipino, filipino)",austronésienne,non officielle,275045
Langue parlée le plus souvent à la maison,Waray-waray,austronésienne,non officielle,680
Langue parlée le plus souvent à la maison,"Langues austronésiennes, n.i.a.",austronésienne,non officielle,2100
Langue parlée le plus souvent à la maison,Créole haïtien,créole,non officielle,22610
Langue parlée le plus souvent à la maison,Créole jamaïcain anglais,créole,non officielle,300
Langue parlée le plus souvent à la maison,Krio,créole,non officielle,360
Langue parlée le plus souvent à la maison,Mauricien,créole,non officielle,3640
Langue parlée le plus souvent à la maison,Sango,créole,non officielle,295
Langue parlée le plus souvent à la maison,"Créole, n.d.a.",créole,non officielle,7120
Langue parlée le plus souvent à la maison,"Langues créoles, n.i.a.",créole,non officielle,870
Langue parlée le plus souvent à la maison,Kannada,dravidienne,non officielle,3060
Langue parlée le plus souvent à la maison,Malayalam,dravidienne,non officielle,35390
Langue parlée le plus souvent à la maison,Tamoul,dravidienne,non officielle,112335
Langue parlée le plus souvent à la maison,Telougou,dravidienne,non officielle,18470
Langue parlée le plus souvent à la maison,Tulu,dravidienne,non officielle,240
Langue parlée le plus souvent à la maison,"Langues dravidiennes, n.i.a.",dravidienne,non officielle,205
Langue parlée le plus souvent à la maison,Géorgien,géorgien,non officielle,1335
Langue parlée le plus souvent à la maison,Langues hmong-mien,hmong-mien,non officielle,215
Langue parlée le plus souvent à la maison,Albanais,indo-européenne,non officielle,14110
Langue parlée le plus souvent à la maison,Arménien,indo-européenne,non officielle,21970
Langue parlée le plus souvent à la maison,Letton,indo-européenne,non officielle,880
Langue parlée le plus souvent à la maison,Lituanien,indo-européenne,non officielle,1615
Langue parlée le plus souvent à la maison,Biélorusse,indo-européenne,non officielle,215
Langue parlée le plus souvent à la maison,Bulgare,indo-européenne,non officielle,10315
Langue parlée le plus souvent à la maison,Tchèque,indo-européenne,non officielle,5680
Langue parlée le plus souvent à la maison,Macédonien,indo-européenne,non officielle,6105
Langue parlée le plus souvent à la maison,Polonais,indo-européenne,non officielle,65140
Langue parlée le plus souvent à la maison,Russe,indo-européenne,non officielle,125780
Langue parlée le plus souvent à la maison,Russine,indo-européenne,non officielle,290
Langue parlée le plus souvent à la maison,Bosniaque,indo-européenne,non officielle,6480
Langue parlée le plus souvent à la maison,Croate,indo-européenne,non officielle,14925
Langue parlée le plus souvent à la maison,Serbe,indo-européenne,non officielle,31110
Langue parlée le plus souvent à la maison,"Serbo-croate, n.i.a.",indo-européenne,non officielle,640
Langue parlée le plus souvent à la maison,Slovaque,indo-européenne,non officielle,5015
Langue parlée le plus souvent à la maison,Slovène,indo-européenne,non officielle,1375
Langue parlée le plus souvent à la maison,Ukrainien,indo-européenne,non officielle,27825
Langue parlée le plus souvent à la maison,"Langues slaves, n.i.a.",indo-européenne,non officielle,95
Langue parlée le plus souvent à la maison,Irlandais,indo-européenne,non officielle,310
Langue parlée le plus souvent à la maison,Gaélique écossais,indo-européenne,non officielle,105
Langue parlée le plus souvent à la maison,Gallois,indo-européenne,non officielle,100
Langue parlée le plus souvent à la maison,"Langues celtiques, n.i.a.",indo-européenne,non officielle,40
Langue parlée le plus souvent à la maison,Frison,indo-européenne,non officielle,270
Langue parlée le plus souvent à la maison,Allemand,indo-européenne,non officielle,86820
Langue parlée le plus souvent à la maison,Allemand pennsylvanien,indo-européenne,non officielle,7270
Langue parlée le plus souvent à la maison,Allemand suisse,indo-européenne,non officielle,1750
Langue parlée le plus souvent à la maison,Yiddish,indo-européenne,non officielle,7950
Langue parlée le plus souvent à la maison,Afrikaans,indo-européenne,non officielle,6095
Langue parlée le plus souvent à la maison,Néerlandais,indo-européenne,non officielle,8100
Langue parlée le plus souvent à la maison,"Bas-allemand, n.d.a.",indo-européenne,non officielle,4965
Langue parlée le plus souvent à la maison,Bas-saxon,indo-européenne,non officielle,490
Langue parlée le plus souvent à la maison,Bas-allemand mennonite,indo-européenne,non officielle,13845
Langue parlée le plus souvent à la maison,Vlaams (flamand),indo-européenne,non officielle,220
Langue parlée le plus souvent à la maison,Danois,indo-européenne,non officielle,615
Langue parlée le plus souvent à la maison,Islandais,indo-européenne,non officielle,175
Langue parlée le plus souvent à la maison,Norvégien,indo-européenne,non officielle,260
Langue parlée le plus souvent à la maison,Suédois,indo-européenne,non officielle,890
Langue parlée le plus souvent à la maison,"Langues germaniques, n.i.a.",indo-européenne,non officielle,740
Langue parlée le plus souvent à la maison,Grec,indo-européenne,non officielle,38300
Langue parlée le plus souvent à la maison,Assamais,indo-européenne,non officielle,215
Langue parlée le plus souvent à la maison,Bengali,indo-européenne,non officielle,56750
Langue parlée le plus souvent à la maison,Gujarati,indo-européenne,non officielle,92005
Langue parlée le plus souvent à la maison,Hindi,indo-européenne,non officielle,91930
Langue parlée le plus souvent à la maison,Kacchi,indo-européenne,non officielle,3055
Langue parlée le plus souvent à la maison,Cachemiri,indo-européenne,non officielle,270
Langue parlée le plus souvent à la maison,Konkani,indo-européenne,non officielle,880
Langue parlée le plus souvent à la maison,Marathi,indo-européenne,non officielle,7460
Langue parlée le plus souvent à la maison,Népalais,indo-européenne,non officielle,16835
Langue parlée le plus souvent à la maison,Odia,indo-européenne,non officielle,525
Langue parlée le plus souvent à la maison,"Oriya, n.d.a.",indo-européenne,non officielle,270
Langue parlée le plus souvent à la maison,Pendjabi (panjabi),indo-européenne,non officielle,520390
Langue parlée le plus souvent à la maison,Rohingya,indo-européenne,non officielle,410
Langue parlée le plus souvent à la maison,Sindhi,indo-européenne,non officielle,2110
Langue parlée le plus souvent à la maison,Singhalais,indo-européenne,non officielle,9665
Langue parlée le plus souvent à la maison,Ourdou,indo-européenne,non officielle,158040
Langue parlée le plus souvent à la maison,"Langues indo-aryennes, n.i.a.",indo-européenne,non officielle,2015
Langue parlée le plus souvent à la maison,Baloutche,indo-européenne,non officielle,330
Langue parlée le plus souvent à la maison,Kurde,indo-européenne,non officielle,10380
Langue parlée le plus souvent à la maison,Parsi,indo-européenne,non officielle,280
Langue parlée le plus souvent à la maison,Pachto,indo-européenne,non officielle,13215
Langue parlée le plus souvent à la maison,Dari,indo-européenne,non officielle,36190
Langue parlée le plus souvent à la maison,Persan iranien,indo-européenne,non officielle,125840
Langue parlée le plus souvent à la maison,"Persan (farsi), n.d.a.",indo-européenne,non officielle,17715
Langue parlée le plus souvent à la maison,"Langues iraniennes, n.i.a.",indo-européenne,non officielle,475
Langue parlée le plus souvent à la maison,"Langues indo-iraniennes, n.i.a.",indo-européenne,non officielle,125
Langue parlée le plus souvent à la maison,Catalan,indo-européenne,non officielle,370
Langue parlée le plus souvent à la maison,Italien,indo-européenne,non officielle,92755
Langue parlée le plus souvent à la maison,Portugais,indo-européenne,non officielle,118730
Langue parlée le plus souvent à la maison,Roumain,indo-européenne,non officielle,48090
Langue parlée le plus souvent à la maison,Espagnol,indo-européenne,non officielle,317365
Langue parlée le plus souvent à la maison,"Langues italiques (romanes), n.i.a.",indo-européenne,non officielle,425
Langue parlée le plus souvent à la maison,"Langues indo-européennes, n.i.a.",indo-européenne,non officielle,190
Langue parlée le plus souvent à la maison,Japonais,japonais,non officielle,20055
Langue parlée le plus souvent à la maison,Coréen,coréen,non officielle,125525
Langue parlée le plus souvent à la maison,Mongol,mongol,non officielle,1050
Langue parlée le plus souvent à la maison,Akan (twi),nigéro-congolaise,non officielle,6000
Langue parlée le plus souvent à la maison,Bamanankan,nigéro-congolaise,non officielle,560
Langue parlée le plus souvent à la maison,Edo,nigéro-congolaise,non officielle,365
Langue parlée le plus souvent à la maison,Ewé,nigéro-congolaise,non officielle,470
Langue parlée le plus souvent à la maison,"Fulah (peul, pular, pulaar, fulfulde)",nigéro-congolaise,non officielle,1315
Langue parlée le plus souvent à la maison,Ga,nigéro-congolaise,non officielle,260
Langue parlée le plus souvent à la maison,Ganda,nigéro-congolaise,non officielle,555
Langue parlée le plus souvent à la maison,Gikuyu,nigéro-congolaise,non officielle,105
Langue parlée le plus souvent à la maison,Igbo,nigéro-congolaise,non officielle,1530
Langue parlée le plus souvent à la maison,Kinyarwanda (rwanda),nigéro-congolaise,non officielle,2720
Langue parlée le plus souvent à la maison,Lingala,nigéro-congolaise,non officielle,1520
Langue parlée le plus souvent à la maison,Luba-kasaï,nigéro-congolaise,non officielle,90
Langue parlée le plus souvent à la maison,Mòoré,nigéro-congolaise,non officielle,70
Langue parlée le plus souvent à la maison,Mwani,nigéro-congolaise,non officielle,160
Langue parlée le plus souvent à la maison,Ndébélé,nigéro-congolaise,non officielle,295
Langue parlée le plus souvent à la maison,Rundi (kiroundi),nigéro-congolaise,non officielle,3780
Langue parlée le plus souvent à la maison,Shona,nigéro-congolaise,non officielle,1035
Langue parlée le plus souvent à la maison,Soninké,nigéro-congolaise,non officielle,235
Langue parlée le plus souvent à la maison,Langues sotho-tswana,nigéro-congolaise,non officielle,130
Langue parlée le plus souvent à la maison,Swahili,nigéro-congolaise,non officielle,7055
Langue parlée le plus souvent à la maison,Wojenaka,nigéro-congolaise,non officielle,290
Langue parlée le plus souvent à la maison,Wolof,nigéro-congolaise,non officielle,1945
Langue parlée le plus souvent à la maison,Yoruba,nigéro-congolaise,non officielle,5395
Langue parlée le plus souvent à la maison,"Langues nigéro-congolaises, n.i.a.",nigéro-congolaise,non officielle,2720
Langue parlée le plus souvent à la maison,Dinka,nilo-saharienne,non officielle,900
Langue parlée le plus souvent à la maison,Nuer,nilo-saharienne,non officielle,645
Langue parlée le plus souvent à la maison,"Langues nilo-sahariennes, n.i.a.",nilo-saharienne,non officielle,1465
Langue parlée le plus souvent à la maison,"Africain, n.d.a.",nilo-saharienne,non officielle,140
Langue parlée le plus souvent à la maison,Langue des signes américaine,langue des signes,non officielle,8175
Langue parlée le plus souvent à la maison,Langue des signes québécoise,langue des signes,non officielle,1475
Langue parlée le plus souvent à la maison,"Langues des signes, n.i.a",langue des signes,non officielle,2520
Langue parlée le plus souvent à la maison,Hakka,sino-tibétaine,non officielle,3625
Langue parlée le plus souvent à la maison,Mandarin,sino-tibétaine,non officielle,530945
Langue parlée le plus souvent à la maison,Min dong,sino-tibétaine,non officielle,775
Langue parlée le plus souvent à la maison,"Min nan (chaochow, teochow, fou-kien, taïwanais)",sino-tibétaine,non officielle,13945
Langue parlée le plus souvent à la maison,Wu (shanghaïen),sino-tibétaine,non officielle,5750
Langue parlée le plus souvent à la maison,Yue (cantonais),sino-tibétaine,non officielle,393430
Langue parlée le plus souvent à la maison,"Chinois, n.d.a.",sino-tibétaine,non officielle,6985
Langue parlée le plus souvent à la maison,"Langues chinoises, n.i.a.",sino-tibétaine,non officielle,225
Langue parlée le plus souvent à la maison,Birman,sino-tibétaine,non officielle,2075
Langue parlée le plus souvent à la maison,Karen s’gaw,sino-tibétaine,non officielle,2960
Langue parlée le plus souvent à la maison,"Langues karéniques, n.i.a.",sino-tibétaine,non officielle,440
Langue parlée le plus souvent à la maison,Tibétain,sino-tibétaine,non officielle,5395
Langue parlée le plus souvent à la maison,"Langues tibéto-birmanes, n.i.a.",sino-tibétaine,non officielle,465
Langue parlée le plus souvent à la maison,"Langues sino-tibétaines, n.i.a.",sino-tibétaine,non officielle,290
Langue parlée le plus souvent à la maison,Lao,taï-kadaï,non officielle,5955
Langue parlée le plus souvent à la maison,Thaï,taï-kadaï,non officielle,3955
Langue parlée le plus souvent à la maison,"Langues taï-kadaï, n.i.a.",taï-kadaï,non officielle,210
Langue parlée le plus souvent à la maison,Azerbaïdjanais,turque,non officielle,2200
Langue parlée le plus souvent à la maison,Kazakh,turque,non officielle,105
Langue parlée le plus souvent à la maison,Turc,turque,non officielle,27970
Langue parlée le plus souvent à la maison,Ouïghour,turque,non officielle,850
Langue parlée le plus souvent à la maison,Ouzbek,turque,non officielle,950
Langue parlée le plus souvent à la maison,"Langues turques, n.i.a.",turque,non officielle,410
Langue parlée le plus souvent à la maison,Estonien,ouralienne,non officielle,615
Langue parlée le plus souvent à la maison,Finnois,ouralienne,non officielle,1880
Langue parlée le plus souvent à la maison,Hongrois,ouralienne,non officielle,16295
Langue parlée le plus souvent à la maison,"Autres langues, n.i.a.",autres,non officielle,390
Langue parlée le plus souvent à la maison,Français et anglais,indo-européenne,responses multiples,230955
Langue parlée le plus souvent à la maison,Anglais et langue(s) non officielle(s),multiples,responses multiples,1123355
Langue parlée le plus souvent à la maison,Français et langue(s) non officielle(s),multiples,responses multiples,125525
Langue parlée le plus souvent à la maison,"Français, anglais et langue(s) non officielle(s)",multiples,responses multiples,56805
Langue parlée le plus souvent à la maison,Langues non officielles multiples,multiples,responses multiples,26705
Langue utilisée le plus souvent au travail,Anglais,indo-européenne,officielle,15879850
Langue utilisée le plus souvent au travail,Français,indo-européenne,officielle,3986330
Langue utilisée le plus souvent au travail,Pied-noir,algonquienne,autochtone,60
Langue utilisée le plus souvent au travail,Atikamekw,algonquienne,autochtone,1015
Langue utilisée le plus souvent au travail,Ililimowin (cri de Moose),algonquienne,autochtone,0
Langue utilisée le plus souvent au travail,Inu Ayimun (cri du Sud-Est),algonquienne,autochtone,110
Langue utilisée le plus souvent au travail,Iyiyiw-Ayimiwin (cri du Nord-Est),algonquienne,autochtone,765
Langue utilisée le plus souvent au travail,Nehinawewin (cri des marais),algonquienne,autochtone,80
Langue utilisée le plus souvent au travail,Nehiyawewin (cri des plaines),algonquienne,autochtone,190
Langue utilisée le plus souvent au travail,Nihithawiwin (cri des bois),algonquienne,autochtone,140
Langue utilisée le plus souvent au travail,"Cri, n.d.a.",algonquienne,autochtone,4695
Langue utilisée le plus souvent au travail,Innu (montagnais),algonquienne,autochtone,1955
Langue utilisée le plus souvent au travail,Naskapi,algonquienne,autochtone,155
Langue utilisée le plus souvent au travail,Mi'kmaq,algonquienne,autochtone,825
Langue utilisée le plus souvent au travail,Wolastoqewi (malécite),algonquienne,autochtone,10
Langue utilisée le plus souvent au travail,Anicinabemowin (algonquin),algonquienne,autochtone,20
Langue utilisée le plus souvent au travail,Oji-cri,algonquienne,autochtone,875
Langue utilisée le plus souvent au travail,Anishinaabemowin (chippewa),algonquienne,autochtone,40
Langue utilisée le plus souvent au travail,Daawaamwin (odawa),algonquienne,autochtone,0
Langue utilisée le plus souvent au travail,Saulteaux (ojibwé occidental),algonquienne,autochtone,40
Langue utilisée le plus souvent au travail,"Ojibwé, n.d.a.",algonquienne,autochtone,610
Langue utilisée le plus souvent au travail,"Langues algonquiennes, n.i.a.",algonquienne,autochtone,0
Langue utilisée le plus souvent au travail,Dakelh (porteur),athabascane,autochtone,20
Langue utilisée le plus souvent au travail,Dane-zaa (castor),athabascane,autochtone,0
Langue utilisée le plus souvent au travail,"Déné, n.d.a.",athabascane,autochtone,535
Langue utilisée le plus souvent au travail,Gwich'in,athabascane,autochtone,0
Langue utilisée le plus souvent au travail,Deh Gah Ghotie Zhatie (esclave du Sud),athabascane,autochtone,35
Langue utilisée le plus souvent au travail,Satuotine Yati (esclave du Nord),athabascane,autochtone,25
Langue utilisée le plus souvent au travail,"Esclave, n.d.a.",athabascane,autochtone,100
Langue utilisée le plus souvent au travail,Kaska (nahani),athabascane,autochtone,5
Langue utilisée le plus souvent au travail,Tahltan,athabascane,autochtone,5
Langue utilisée le plus souvent au travail,Tlicho (flanc-de-chien),athabascane,autochtone,130
Langue utilisée le plus souvent au travail,Tse'khene (sekani),athabascane,autochtone,0
Langue utilisée le plus souvent au travail,Tsilhqot'in (chilcotin),athabascane,autochtone,30
Langue utilisée le plus souvent au travail,Tsuu T'ina (sarsi),athabascane,autochtone,0
Langue utilisée le plus souvent au travail,Tutchone du Nord,athabascane,autochtone,0
Langue utilisée le plus souvent au travail,Tutchone du Sud,athabascane,autochtone,0
Langue utilisée le plus souvent au travail,"Tutchone, n.d.a.",athabascane,autochtone,0
Langue utilisée le plus souvent au travail,Wetsuwet'en-babine,athabascane,autochtone,0
Langue utilisée le plus souvent au travail,Tlingit,athabascane,autochtone,10
Langue utilisée le plus souvent au travail,"Langues athabascanes, n.i.a.",athabascane,autochtone,0
Langue utilisée le plus souvent au travail,Haïda,haïda,autochtone,0
Langue utilisée le plus souvent au travail,Inuinnaqtun,inuite,autochtone,15
Langue utilisée le plus souvent au travail,Inuvialuktun,inuite,autochtone,10
Langue utilisée le plus souvent au travail,Inuktitut,inuite,autochtone,6605
Langue utilisée le plus souvent au travail,"Langues inuktutes (inuites), n.i.a.",inuite,autochtone,0
Langue utilisée le plus souvent au travail,Cayuga,iroquoienne,autochtone,0
Langue utilisée le plus souvent au travail,Mohawk,iroquoienne,autochtone,30
Langue utilisée le plus souvent au travail,Oneida,iroquoienne,autochtone,0
Langue utilisée le plus souvent au travail,"Langues iroquoiennes, n.i.a.",iroquoienne,autochtone,0
Langue utilisée le plus souvent au travail,Ktunaxa (kutenai),ktunaxa,autochtone,10
Langue utilisée le plus souvent au travail,Michif,michif,autochtone,25
Langue utilisée le plus souvent au travail,Halkomelem,salishenne,autochtone,35
Langue utilisée le plus souvent au travail,Lillooet,salishenne,autochtone,0
Langue utilisée le plus souvent au travail,Ntlakapamux (thompson),salishenne,autochtone,0
Langue utilisée le plus souvent au travail,Secwepemctsin (shuswap),salishenne,autochtone,30
Langue utilisée le plus souvent au travail,Squamish,salishenne,autochtone,10
Langue utilisée le plus souvent au travail,Straits,salishenne,autochtone,0
Langue utilisée le plus souvent au travail,Syilx (okanagan),salishenne,autochtone,20
Langue utilisée le plus souvent au travail,"Langues salishennes, n.i.a.",salishenne,autochtone,15
Langue utilisée le plus souvent au travail,Assiniboine,siouenne,autochtone,0
Langue utilisée le plus souvent au travail,Dakota,siouenne,autochtone,10
Langue utilisée le plus souvent au travail,Stoney,siouenne,autochtone,15
Langue utilisée le plus souvent au travail,"Langues siouennes, n.i.a.",siouenne,autochtone,0
Langue utilisée le plus souvent au travail,Gitxsan (gitksan),tsimshenne,autochtone,20
Langue utilisée le plus souvent au travail,Nisga'a,tsimshenne,autochtone,10
Langue utilisée le plus souvent au travail,Tsimshian,tsimshenne,autochtone,15
Langue utilisée le plus souvent au travail,Haisla,wakashane,autochtone,0
Langue utilisée le plus souvent au travail,Heiltsuk,wakashane,autochtone,10
Langue utilisée le plus souvent au travail,Kwak'wala (kwakiutl),wakashane,autochtone,15
Langue utilisée le plus souvent au travail,Nuu-chah-nulth (nootka),wakashane,autochtone,15
Langue utilisée le plus souvent au travail,"Langues wakashanes, n.i.a.",wakashane,autochtone,0
Langue utilisée le plus souvent au travail,"Langues autochtones, n.i.a.",n.i.a,autochtone,10
Langue utilisée le plus souvent au travail,"Langues autochtones, n.d.a.",n.d.a.,autochtone,10
Langue utilisée le plus souvent au travail,Kabyle,afro-asiatique,non officielle,30
Langue utilisée le plus souvent au travail,Tamazight,afro-asiatique,non officielle,0
Langue utilisée le plus souvent au travail,"Langues berbères, n.i.a.",afro-asiatique,non officielle,0
Langue utilisée le plus souvent au travail,Haoussa,afro-asiatique,non officielle,0
Langue utilisée le plus souvent au travail,Mina,afro-asiatique,non officielle,0
Langue utilisée le plus souvent au travail,Copte,afro-asiatique,non officielle,0
Langue utilisée le plus souvent au travail,Bilen,afro-asiatique,non officielle,10
Langue utilisée le plus souvent au travail,Oromo,afro-asiatique,non officielle,40
Langue utilisée le plus souvent au travail,Somali,afro-asiatique,non officielle,365
Langue utilisée le plus souvent au travail,"Langues couchitiques, n.i.a.",afro-asiatique,non officielle,0
Langue utilisée le plus souvent au travail,Amharique,afro-asiatique,non officielle,215
Langue utilisée le plus souvent au travail,Arabe,afro-asiatique,non officielle,7190
Langue utilisée le plus souvent au travail,Assyrien néo-araméen,afro-asiatique,non officielle,330
Langue utilisée le plus souvent au travail,Chaldéen néo-araméen,afro-asiatique,non officielle,90
Langue utilisée le plus souvent au travail,"Araméen, n.d.a.",afro-asiatique,non officielle,40
Langue utilisée le plus souvent au travail,Harari,afro-asiatique,non officielle,0
Langue utilisée le plus souvent au travail,Hébreu,afro-asiatique,non officielle,585
Langue utilisée le plus souvent au travail,Maltais,afro-asiatique,non officielle,
Langue utilisée le plus souvent au travail,Tigrigna,afro-asiatique,non officielle,325
Langue utilisée le plus souvent au travail,"Langues sémitiques, n.i.a.",afro-asiatique,non officielle,20
Langue utilisée le plus souvent au travail,Khmer (cambodgien),austro-asiatique,non officielle,495
Langue utilisée le plus souvent au travail,Vietnamien,austro-asiatique,non officielle,9260
Langue utilisée le plus souvent au travail,"Langues austro-asiatiques, n.i.a.",austro-asiatique,non officielle,15
Langue utilisée le plus souvent au travail,Bicol,austronésienne,non officielle,0
Langue utilisée le plus souvent au travail,"Bisaya, n.d.a.",austronésienne,non officielle,45
Langue utilisée le plus souvent au travail,Cebuano,austronésienne,non officielle,95
Langue utilisée le plus souvent au travail,Fidjien,austronésienne,non officielle,0
Langue utilisée le plus souvent au travail,Hiligaïnon,austronésienne,non officielle,15
Langue utilisée le plus souvent au travail,Ilocano,austronésienne,non officielle,165
Langue utilisée le plus souvent au travail,Indonésien,austronésienne,non officielle,170
Langue utilisée le plus souvent au travail,Kankanaey,austronésienne,non officielle,0
Langue utilisée le plus souvent au travail,Kinaray-a,austronésienne,non officielle,0
Langue utilisée le plus souvent au travail,Merina,austronésienne,non officielle,
Langue utilisée le plus souvent au travail,"Malgache, n.d.a.",austronésienne,non officielle,
Langue utilisée le plus souvent au travail,Malais,austronésienne,non officielle,0
Langue utilisée le plus souvent au travail,"Pampangan (kapampangan, pampango)",austronésienne,non officielle,15
Langue utilisée le plus souvent au travail,Pangasinan,austronésienne,non officielle,0
Langue utilisée le plus souvent au travail,"Tagalog (pilipino, filipino)",austronésienne,non officielle,4205
Langue utilisée le plus souvent au travail,Waray-waray,austronésienne,non officielle,0
Langue utilisée le plus souvent au travail,"Langues austronésiennes, n.i.a.",austronésienne,non officielle,50
Langue utilisée le plus souvent au travail,Créole haïtien,créole,non officielle,375
Langue utilisée le plus souvent au travail,Créole jamaïcain anglais,créole,non officielle,0
Langue utilisée le plus souvent au travail,Krio,créole,non officielle,0
Langue utilisée le plus souvent au travail,Mauricien,créole,non officielle,0
Langue utilisée le plus souvent au travail,Sango,créole,non officielle,0
Langue utilisée le plus souvent au travail,"Créole, n.d.a.",créole,non officielle,0
Langue utilisée le plus souvent au travail,"Langues créoles, n.i.a.",créole,non officielle,10
Langue utilisée le plus souvent au travail,Kannada,dravidienne,non officielle,10
Langue utilisée le plus souvent au travail,Malayalam,dravidienne,non officielle,250
Langue utilisée le plus souvent au travail,Tamoul,dravidienne,non officielle,2685
Langue utilisée le plus souvent au travail,Telougou,dravidienne,non officielle,70
Langue utilisée le plus souvent au travail,Tulu,dravidienne,non officielle,0
Langue utilisée le plus souvent au travail,"Langues dravidiennes, n.i.a.",dravidienne,non officielle,0
Langue utilisée le plus souvent au travail,Géorgien,géorgien,non officielle,80
Langue utilisée le plus souvent au travail,Langues hmong-mien,hmong-mien,non officielle,112395
Langue utilisée le plus souvent au travail,Albanais,indo-européenne,non officielle,315
Langue utilisée le plus souvent au travail,Arménien,indo-européenne,non officielle,530
Langue utilisée le plus souvent au travail,Letton,indo-européenne,non officielle,50
Langue utilisée le plus souvent au travail,Lituanien,indo-européenne,non officielle,45
Langue utilisée le plus souvent au travail,Biélorusse,indo-européenne,non officielle,0
Langue utilisée le plus souvent au travail,Bulgare,indo-européenne,non officielle,145
Langue utilisée le plus souvent au travail,Tchèque,indo-européenne,non officielle,105
Langue utilisée le plus souvent au travail,Macédonien,indo-européenne,non officielle,75
Langue utilisée le plus souvent au travail,Polonais,indo-européenne,non officielle,2265
Langue utilisée le plus souvent au travail,Russe,indo-européenne,non officielle,5240
Langue utilisée le plus souvent au travail,Russine,indo-européenne,non officielle,0
Langue utilisée le plus souvent au travail,Bosniaque,indo-européenne,non officielle,120
Langue utilisée le plus souvent au travail,Croate,indo-européenne,non officielle,155
Langue utilisée le plus souvent au travail,Serbe,indo-européenne,non officielle,555
Langue utilisée le plus souvent au travail,"Serbo-croate, n.i.a.",indo-européenne,non officielle,0
Langue utilisée le plus souvent au travail,Slovaque,indo-européenne,non officielle,40
Langue utilisée le plus souvent au travail,Slovène,indo-européenne,non officielle,10
Langue utilisée le plus souvent au travail,Ukrainien,indo-européenne,non officielle,1265
Langue utilisée le plus souvent au travail,"Langues slaves, n.i.a.",indo-européenne,non officielle,15
Langue utilisée le plus souvent au travail,Irlandais,indo-européenne,non officielle,55
Langue utilisée le plus souvent au travail,Gaélique écossais,indo-européenne,non officielle,0
Langue utilisée le plus souvent au travail,Gallois,indo-européenne,non officielle,0
Langue utilisée le plus souvent au travail,"Langues celtiques, n.i.a.",indo-européenne,non officielle,14250
Langue utilisée le plus souvent au travail,Frison,indo-européenne,non officielle,15
Langue utilisée le plus souvent au travail,Allemand,indo-européenne,non officielle,6615
Langue utilisée le plus souvent au travail,Allemand pennsylvanien,indo-européenne,non officielle,2560
Langue utilisée le plus souvent au travail,Allemand suisse,indo-européenne,non officielle,255
Langue utilisée le plus souvent au travail,Yiddish,indo-européenne,non officielle,1050
Langue utilisée le plus souvent au travail,Afrikaans,indo-européenne,non officielle,65
Langue utilisée le plus souvent au travail,Néerlandais,indo-européenne,non officielle,965
Langue utilisée le plus souvent au travail,"Bas-allemand, n.d.a.",indo-européenne,non officielle,560
Langue utilisée le plus souvent au travail,Bas-saxon,indo-européenne,non officielle,0
Langue utilisée le plus souvent au travail,Bas-allemand mennonite,indo-européenne,non officielle,1940
Langue utilisée le plus souvent au travail,Vlaams (flamand),indo-européenne,non officielle,10
Langue utilisée le plus souvent au travail,Danois,indo-européenne,non officielle,25
Langue utilisée le plus souvent au travail,Islandais,indo-européenne,non officielle,25
Langue utilisée le plus souvent au travail,Norvégien,indo-européenne,non officielle,55
Langue utilisée le plus souvent au travail,Suédois,indo-européenne,non officielle,90
Langue utilisée le plus souvent au travail,"Langues germaniques, n.i.a.",indo-européenne,non officielle,25
Langue utilisée le plus souvent au travail,Grec,indo-européenne,non officielle,875
Langue utilisée le plus souvent au travail,Assamais,indo-européenne,non officielle,0
Langue utilisée le plus souvent au travail,Bengali,indo-européenne,non officielle,645
Langue utilisée le plus souvent au travail,Gujarati,indo-européenne,non officielle,1115
Langue utilisée le plus souvent au travail,Hindi,indo-européenne,non officielle,2235
Langue utilisée le plus souvent au travail,Kacchi,indo-européenne,non officielle,15
Langue utilisée le plus souvent au travail,Cachemiri,indo-européenne,non officielle,0
Langue utilisée le plus souvent au travail,Konkani,indo-européenne,non officielle,0
Langue utilisée le plus souvent au travail,Marathi,indo-européenne,non officielle,20
Langue utilisée le plus souvent au travail,Népalais,indo-européenne,non officielle,275
Langue utilisée le plus souvent au travail,Odia,indo-européenne,non officielle,0
Langue utilisée le plus souvent au travail,"Oriya, n.d.a.",indo-européenne,non officielle,0
Langue utilisée le plus souvent au travail,Pendjabi (panjabi),indo-européenne,non officielle,40840
Langue utilisée le plus souvent au travail,Rohingya,indo-européenne,non officielle,25
Langue utilisée le plus souvent au travail,Sindhi,indo-européenne,non officielle,105
Langue utilisée le plus souvent au travail,Singhalais,indo-européenne,non officielle,2725
Langue utilisée le plus souvent au travail,Ourdou,indo-européenne,non officielle,20
Langue utilisée le plus souvent au travail,"Langues indo-aryennes, n.i.a.",indo-européenne,non officielle,7430
Langue utilisée le plus souvent au travail,Baloutche,indo-européenne,non officielle,0
Langue utilisée le plus souvent au travail,Kurde,indo-européenne,non officielle,175
Langue utilisée le plus souvent au travail,Parsi,indo-européenne,non officielle,0
Langue utilisée le plus souvent au travail,Pachto,indo-européenne,non officielle,130
Langue utilisée le plus souvent au travail,Dari,indo-européenne,non officielle,800
Langue utilisée le plus souvent au travail,Persan iranien,indo-européenne,non officielle,5715
Langue utilisée le plus souvent au travail,"Persan (farsi), n.d.a.",indo-européenne,non officielle,595
Langue utilisée le plus souvent au travail,"Langues iraniennes, n.i.a.",indo-européenne,non officielle,10
Langue utilisée le plus souvent au travail,"Langues indo-iraniennes, n.i.a.",indo-européenne,non officielle,10
Langue utilisée le plus souvent au travail,Catalan,indo-européenne,non officielle,15
Langue utilisée le plus souvent au travail,Italien,indo-européenne,non officielle,1625
Langue utilisée le plus souvent au travail,Portugais,indo-européenne,non officielle,6970
Langue utilisée le plus souvent au travail,Roumain,indo-européenne,non officielle,680
Langue utilisée le plus souvent au travail,Espagnol,indo-européenne,non officielle,21455
Langue utilisée le plus souvent au travail,"Langues italiques (romanes), n.i.a.",indo-européenne,non officielle,45
Langue utilisée le plus souvent au travail,"Langues indo-européennes, n.i.a.",indo-européenne,non officielle,35
Langue utilisée le plus souvent au travail,Japonais,japonais,non officielle,3560
Langue utilisée le plus souvent au travail,Coréen,coréen,non officielle,14345
Langue utilisée le plus souvent au travail,Mongol,mongol,non officielle,25
Langue utilisée le plus souvent au travail,Akan (twi),nigéro-congolaise,non officielle,30
Langue utilisée le plus souvent au travail,Edo,nigéro-congolaise,non officielle,0
Langue utilisée le plus souvent au travail,Ewé,nigéro-congolaise,non officielle,0
Langue utilisée le plus souvent au travail,"Fulah (peul, pular, pulaar, fulfulde)",nigéro-congolaise,non officielle,25
Langue utilisée le plus souvent au travail,Ga,nigéro-congolaise,non officielle,0
Langue utilisée le plus souvent au travail,Ganda,nigéro-congolaise,non officielle,0
Langue utilisée le plus souvent au travail,Gikuyu,nigéro-congolaise,non officielle,0
Langue utilisée le plus souvent au travail,Igbo,nigéro-congolaise,non officielle,30
Langue utilisée le plus souvent au travail,Kinyarwanda (rwanda),nigéro-congolaise,non officielle,20
Langue utilisée le plus souvent au travail,Lingala,nigéro-congolaise,non officielle,20
Langue utilisée le plus souvent au travail,Luba-kasaï,nigéro-congolaise,non officielle,0
Langue utilisée le plus souvent au travail,Mòoré,nigéro-congolaise,non officielle,0
Langue utilisée le plus souvent au travail,Mwani,nigéro-congolaise,non officielle,0
Langue utilisée le plus souvent au travail,Ndébélé,nigéro-congolaise,non officielle,0
Langue utilisée le plus souvent au travail,Rundi (kiroundi),nigéro-congolaise,non officielle,25
Langue utilisée le plus souvent au travail,Shona,nigéro-congolaise,non officielle,0
Langue utilisée le plus souvent au travail,Soninké,nigéro-congolaise,non officielle,0
Langue utilisée le plus souvent au travail,Langues sotho-tswana,nigéro-congolaise,non officielle,0
Langue utilisée le plus souvent au travail,Swahili,nigéro-congolaise,non officielle,150
Langue utilisée le plus souvent au travail,Wojenaka,nigéro-congolaise,non officielle,0
Langue utilisée le plus souvent au travail,Wolof,nigéro-congolaise,non officielle,0
Langue utilisée le plus souvent au travail,Yoruba,nigéro-congolaise,non officielle,65
Langue utilisée le plus souvent au travail,"Langues nigéro-congolaises, n.i.a.",nigéro-congolaise,non officielle,35
Langue utilisée le plus souvent au travail,Dinka,nilo-saharienne,non officielle,0
Langue utilisée le plus souvent au travail,Nuer,nilo-saharienne,non officielle,0
Langue utilisée le plus souvent au travail,"Langues nilo-sahariennes, n.i.a.",nilo-saharienne,non officielle,15
Langue utilisée le plus souvent au travail,"Africain, n.d.a.",nilo-saharienne,non officielle,0
Langue utilisée le plus souvent au travail,Langue des signes américaine,langue des signes,non officielle,1590
Langue utilisée le plus souvent au travail,Langue des signes québécoise,langue des signes,non officielle,285
Langue utilisée le plus souvent au travail,"Langues des signes, n.i.a",langue des signes,non officielle,135
Langue utilisée le plus souvent au travail,Hakka,sino-tibétaine,non officielle,45
Langue utilisée le plus souvent au travail,Mandarin,sino-tibétaine,non officielle,76040
Langue utilisée le plus souvent au travail,Min dong,sino-tibétaine,non officielle,35
Langue utilisée le plus souvent au travail,"Min nan (chaochow, teochow, fou-kien, taïwanais)",sino-tibétaine,non officielle,485
Langue utilisée le plus souvent au travail,Wu (shanghaïen),sino-tibétaine,non officielle,20
Langue utilisée le plus souvent au travail,Yue (cantonais),sino-tibétaine,non officielle,50950
Langue utilisée le plus souvent au travail,"Chinois, n.d.a.",sino-tibétaine,non officielle,460
Langue utilisée le plus souvent au travail,"Langues chinoises, n.i.a.",sino-tibétaine,non officielle,0
Langue utilisée le plus souvent au travail,Birman,sino-tibétaine,non officielle,60
Langue utilisée le plus souvent au travail,Karen s’gaw,sino-tibétaine,non officielle,120
Langue utilisée le plus souvent au travail,"Langues karéniques, n.i.a.",sino-tibétaine,non officielle,15
Langue utilisée le plus souvent au travail,Tibétain,sino-tibétaine,non officielle,90
Langue utilisée le plus souvent au travail,"Langues tibéto-birmanes, n.i.a.",sino-tibétaine,non officielle,0
Langue utilisée le plus souvent au travail,"Langues sino-tibétaines, n.i.a.",sino-tibétaine,non officielle,30
Langue utilisée le plus souvent au travail,Lao,taï-kadaï,non officielle,80
Langue utilisée le plus souvent au travail,Thaï,taï-kadaï,non officielle,670
Langue utilisée le plus souvent au travail,"Langues taï-kadaï, n.i.a.",taï-kadaï,non officielle,15
Langue utilisée le plus souvent au travail,Azerbaïdjanais,turque,non officielle,35
Langue utilisée le plus souvent au travail,Kazakh,turque,non officielle,0
Langue utilisée le plus souvent au travail,Turc,turque,non officielle,1270
Langue utilisée le plus souvent au travail,Ouïghour,turque,non officielle,30
Langue utilisée le plus souvent au travail,Ouzbek,turque,non officielle,0
Langue utilisée le plus souvent au travail,"Langues turques, n.i.a.",turque,non officielle,10
Langue utilisée le plus souvent au travail,Estonien,ouralienne,non officielle,70
Langue utilisée le plus souvent au travail,Finnois,ouralienne,non officielle,90
Langue utilisée le plus souvent au travail,Hongrois,ouralienne,non officielle,330
Langue utilisée le plus souvent au travail,"Autres langues, n.i.a.",autres,non officielle,20
Langue utilisée le plus souvent au travail,Français et anglais,indo-européenne,responses multiples,321975
Langue utilisée le plus souvent au travail,Anglais et langue(s) non officielle(s),multiples,responses multiples,115955
Langue utilisée le plus souvent au travail,Français et langue(s) non officielle(s),multiples,responses multiples,6280
Langue utilisée le plus souvent au travail,"Français, anglais et langue(s) non officielle(s)",multiples,responses multiples,7405
Langue utilisée le plus souvent au travail,Langues non officielles multiples,multiples,responses multiples,2265